{"cameraMode":{"drawMode":0,"name":"Shaded","section":"Shading Mode"},"sceneLighting":false,"audioPlay":false,"sceneViewState":{"m_AlwaysRefresh":false,"showFog":true,"showSkybox":false,"showFlares":true,"showImageEffects":true,"showParticleSystems":true,"showVisualEffectGraphs":true,"m_FxEnabled":true},"in2DMode":false,"pivot":{"x":-0.0000026226043701171877,"y":0.10261714458465576,"z":0.002058267593383789},"rotation":{"x":0.24684308469295503,"y":0.4226066768169403,"z":-0.12064589560031891,"w":0.8637428283691406},"size":7.920912742614746,"orthographic":false}