{"cameraMode":{"drawMode":0,"name":"Shaded","section":"Shading Mode"},"sceneLighting":false,"audioPlay":false,"sceneViewState":{"m_AlwaysRefresh":false,"showFog":true,"showSkybox":false,"showFlares":true,"showImageEffects":true,"showParticleSystems":true,"showVisualEffectGraphs":true,"m_FxEnabled":true},"in2DMode":false,"pivot":{"x":0.00000286102294921875,"y":-0.0005546808242797852,"z":0.00014495849609375},"rotation":{"x":0.24684308469295503,"y":0.4226066768169403,"z":-0.12064589560031891,"w":0.8637428283691406},"size":12.43616008758545,"orthographic":false}