{"cameraMode":{"drawMode":0,"name":"Shaded","section":"Shading Mode"},"sceneLighting":true,"audioPlay":false,"sceneViewState":{"m_AlwaysRefresh":false,"showFog":false,"showSkybox":false,"showFlares":false,"showImageEffects":false,"showParticleSystems":true,"showVisualEffectGraphs":true,"m_FxEnabled":true},"in2DMode":false,"pivot":{"x":3.3830325603485109,"y":-0.006079519633203745,"z":2.845621347427368},"rotation":{"x":0.11413402110338211,"y":0.6811255216598511,"z":-0.1088947281241417,"w":0.7150164842605591},"size":113.15801239013672,"orthographic":false}