{"cameraMode":{"drawMode":0,"name":"Shaded","section":"Shading Mode"},"sceneLighting":true,"audioPlay":false,"sceneViewState":{"m_AlwaysRefresh":false,"showFog":false,"showSkybox":false,"showFlares":false,"showImageEffects":false,"showParticleSystems":true,"showVisualEffectGraphs":true,"m_FxEnabled":true},"in2DMode":false,"pivot":{"x":-12.475025177001954,"y":3.7762699127197267,"z":-24.653438568115236},"rotation":{"x":-0.030677352100610734,"y":-0.7079410552978516,"z":0.030821669846773149,"w":-0.7049505114555359},"size":33.42040252685547,"orthographic":false}