{"cameraMode":{"drawMode":0,"name":"Shaded","section":"Shading Mode"},"sceneLighting":true,"audioPlay":false,"sceneViewState":{"m_AlwaysRefresh":false,"showFog":false,"showSkybox":false,"showFlares":false,"showImageEffects":false,"showParticleSystems":true,"showVisualEffectGraphs":true,"m_FxEnabled":true},"in2DMode":false,"pivot":{"x":3.3830325603485109,"y":-0.006079519633203745,"z":2.845621347427368},"rotation":{"x":0.16405358910560609,"y":0.6895752549171448,"z":-0.16511261463165284,"w":0.6858304142951965},"size":125.59159088134766,"orthographic":false}