{"cameraMode":{"drawMode":0,"name":"Shaded","section":"Shading Mode"},"sceneLighting":false,"audioPlay":false,"sceneViewState":{"m_AlwaysRefresh":false,"showFog":true,"showSkybox":false,"showFlares":true,"showImageEffects":true,"showParticleSystems":true,"showVisualEffectGraphs":true,"m_FxEnabled":true},"in2DMode":false,"pivot":{"x":7.152557373046875e-7,"y":0.28367799520492556,"z":-0.0011620521545410157},"rotation":{"x":0.24684308469295503,"y":0.4226066768169403,"z":-0.12064589560031891,"w":0.8637428283691406},"size":8.938922882080079,"orthographic":false}